{"majority_accuracy_not_abstained": 0.47549019607843135, "coverage": 0.31384615384615383}