{"majority_accuracy_not_abstained": 0.8484848484848485, "coverage": 0.9385796545105566}