{"majority_accuracy_not_abstained": 0.8327904451682954, "coverage": 0.9408181026979983}