{"majority_accuracy_not_abstained": 0.7990654205607477, "coverage": 0.5219512195121951}