{"majority_accuracy_not_abstained_bugginess": 0.5655737704918032, "coverage": 0.023707734162456275}