{"majority_accuracy_not_abstained": 0.6856677524429967, "coverage": 0.11931597357170617}