{"majority_accuracy": 0.5039164490861618, "coverage": 0.0026109660574412533}