{"majority_accuracy_not_abstained": 0.7426981919332406, "coverage": 0.553076923076923}