{"majority_accuracy": 0.5970409051348999, "coverage": 0.45082680591818974}