{"majority_accuracy_not_abstained": 0.8333333333333334, "coverage": 0.03773584905660377}