{"majority_accuracy_not_abstained": 0.770940170940171, "coverage": 0.6283566058002148}