{"majority_accuracy_not_abstained": 0.8529411764705882, "coverage": 0.03262955854126679}