{"majority_accuracy_not_abstained": 0.6959010054137664, "coverage": 0.2773963786149489}