{"majority_accuracy_not_abstained": 0.6818181818181818, "coverage": 0.016923076923076923}