{"majority_accuracy_not_abstained": 0.7801899592944369, "coverage": 0.8031480761756704}