{"majority_accuracy_not_abstained": 0.7561147695202258, "coverage": 0.892537893509522}