{"majority_accuracy_not_abstained": 0.7560766371175293, "coverage": 0.7648659152739993}