{"majority_accuracy_not_abstained": 0.8709677419354839, "coverage": 0.03530751708428246}