{"majority_accuracy_not_abstained": 0.6766917293233082, "coverage": 0.005706684973826482}