{"majority_accuracy_not_abstained": 0.7446808510638298, "coverage": 0.0020166480734574786}