{"majority_accuracy_not_abstained": 0.6586237712243074, "coverage": 0.6494486360998258}