{"majority_accuracy_not_abstained": 0.8795749704840614, "coverage": 0.9040307101727447}