{"majority_accuracy_not_abstained": 0.7709251101321586, "coverage": 0.7907692307692308}