{"majority_accuracy_not_abstained": 0.9473118279569892, "coverage": 0.0753500129634431}