{"majority_accuracy_not_abstained": 0.25961538461538464, "coverage": 0.01053644698850109}