{"majority_accuracy_not_abstained": 0.7343324250681199, "coverage": 0.5646153846153846}