{"majority_accuracy_not_abstained": 0.8933724075743913, "coverage": 0.07490333147594684}