{"majority_accuracy_not_abstained": 0.8335146898803046, "coverage": 0.9408181026979983}