{"majority_accuracy_not_abstained": 0.9460500963391136, "coverage": 0.10085503303536728}