{"majority_accuracy_not_abstained": 0.9602446483180428, "coverage": 0.011043006939871335}