{"majority_accuracy_not_abstained": 0.5718562874251497, "coverage": 0.2906875543951262}