{"majority_accuracy_not_abstained": 0.5663405088062622, "coverage": 0.109628421865614}