{"majority_accuracy_not_abstained": 0.8161308656008303, "coverage": 0.3278859865180192}