{"majority_accuracy_not_abstained": 0.7787234042553192, "coverage": 0.0039680529524002495}