{"majority_accuracy_not_abstained": 0.8156424581005587, "coverage": 0.17178502879078694}