{"majority_accuracy_not_abstained": 0.8100303951367781, "coverage": 0.111105482667207}