{"majority_accuracy_not_abstained": 0.8333333333333334, "coverage": 0.00683371298405467}