{"majority_accuracy_not_abstained": 0.558288770053476, "coverage": 0.813987231572838}