{"majority_accuracy_not_abstained": 0.7210884353741497, "coverage": 0.41761363636363635}