{"majority_accuracy_not_abstained": 0.6896551724137931, "coverage": 0.12459720730397422}