{"majority_accuracy_not_abstained": 0.7142857142857143, "coverage": 0.00011819732198639042}