{"majority_accuracy_not_abstained": 0.9196158400210499, "coverage": 0.6850833708877873}