{"majority_accuracy_not_abstained": 0.8736059479553904, "coverage": 0.04849031095087877}