{"majority_accuracy_not_abstained": 0.7240984544934173, "coverage": 0.3149166291122127}