{"majority_accuracy_not_abstained": 0.6212914485165794, "coverage": 0.5567431014380101}