{"majority_accuracy": 0.5627671978235522, "coverage": 0.5707345511076565}