{"majority_accuracy_not_abstained": 0.7647058823529411, "coverage": 0.03262955854126679}