{"majority_accuracy_not_abstained": 0.7490196078431373, "coverage": 0.6657963446475196}