{"majority_accuracy_not_abstained": 0.6190476190476191, "coverage": 0.03230769230769231}