{"majority_accuracy_not_abstained": 0.7703315881326352, "coverage": 0.5567431014380101}