{"majority_accuracy_not_abstained": 0.6910526315789474, "coverage": 0.1712483100495719}