{"majority_accuracy_not_abstained": 0.896551724137931, "coverage": 0.022307692307692306}