{"majority_accuracy_not_abstained": 0.9070796460176991, "coverage": 0.009697073714923196}