{"majority_accuracy_not_abstained": 0.8361955085865258, "coverage": 0.9473684210526315}