{"majority_accuracy_not_abstained": 0.7244318181818182, "coverage": 0.4009111617312073}