{"majority_accuracy": 0.4943645549941702, "coverage": 0.014963078118927322}