{"majority_accuracy_not_abstained": 0.8235294117647058, "coverage": 0.014795474325500435}