{"majority_accuracy_not_abstained": 0.7289156626506024, "coverage": 0.21580863234529382}