{"majority_accuracy_not_abstained": 0.44798862251117433, "coverage": 0.21119025143739809}