{"majority_accuracy_not_abstained": 0.7994791666666666, "coverage": 0.3342036553524804}