{"majority_accuracy": 0.5307034589972794, "coverage": 0.10085503303536728}