{"majority_accuracy_not_abstained": 0.8461538461538461, "coverage": 0.09980806142034548}