{"majority_accuracy_not_abstained": 0.9473684210526315, "coverage": 0.036468330134357005}