{"majority_accuracy_not_abstained": 0.6489945155393053, "coverage": 0.09860297431275349}