{"majority_accuracy": 0.5649047804119705, "coverage": 0.3651379712397979}