{"majority_accuracy_not_abstained": 0.8783943329397875, "coverage": 0.9040307101727447}