{"majority_accuracy_not_abstained": 0.7436079545454546, "coverage": 0.3807120324470482}