{"majority_accuracy": 0.5291557876414273, "coverage": 0.05918189730200174}