{"majority_accuracy_not_abstained": 0.8974358974358975, "coverage": 0.0951219512195122}