{"majority_accuracy": 0.498056743101438, "coverage": 0.018266614846482704}