{"majority_accuracy_not_abstained": 0.8363636363636363, "coverage": 0.0004456183562354161}