{"majority_accuracy_not_abstained": 0.5508637236084453, "coverage": 0.5933940774487472}