{"majority_accuracy_not_abstained": 0.7892516388654508, "coverage": 0.26015230569204534}