{"majority_accuracy_not_abstained": 0.8604417670682731, "coverage": 0.9915844457341846}