{"majority_accuracy_not_abstained": 0.7380952380952381, "coverage": 0.08061420345489444}