{"majority_accuracy_not_abstained": 0.8916666666666667, "coverage": 0.11516314779270634}