{"majority_accuracy_not_abstained": 0.7901234567901234, "coverage": 0.34801288936627284}