{"majority_accuracy_not_abstained": 0.49508196721311476, "coverage": 0.3276047261009667}