{"majority_accuracy_not_abstained": 0.8172313393329804, "coverage": 0.3242083583626534}