{"majority_accuracy_not_abstained": 0.9048387422094032, "coverage": 0.9398037924455026}