{"majority_accuracy_not_abstained": 0.6638268870335662, "coverage": 0.0991000118197322}