{"majority_accuracy_not_abstained": 0.9090909090909091, "coverage": 0.038294168842471714}