{"majority_accuracy_not_abstained": 0.7321428571428571, "coverage": 0.01625072547881602}