{"majority_accuracy_not_abstained": 0.9977220956719818, "coverage": 0.0071136893959035516}