{"majority_accuracy_not_abstained": 0.7085889570552147, "coverage": 0.3712984054669704}