{"majority_accuracy_not_abstained": 0.913983237759153, "coverage": 0.9249211356466877}