{"majority_accuracy_not_abstained": 0.5818661971830986, "coverage": 0.22075398367664206}