{"majority_accuracy_not_abstained": 0.868421052631579, "coverage": 0.7169811320754716}