{"majority_accuracy_not_abstained": 0.747534516765286, "coverage": 0.4412532637075718}