{"majority_accuracy_not_abstained": 0.759825327510917, "coverage": 0.2608200455580866}