{"majority_accuracy_not_abstained": 0.8187919463087249, "coverage": 0.9689119170984456}