{"majority_accuracy_not_abstained_bugginess": 0.4444444444444444, "coverage": 0.001748931208705791}