{"majority_accuracy_not_abstained": 0.8110014104372355, "coverage": 0.9635535307517085}