{"majority_accuracy": 0.5073977371627503, "coverage": 0.010443864229765013}