{"majority_accuracy_not_abstained": 0.6563786008230452, "coverage": 0.09444228527011271}