{"majority_accuracy_not_abstained": 0.6818181818181818, "coverage": 0.11398963730569948}