{"majority_accuracy_not_abstained": 0.8082595870206489, "coverage": 0.8473804100227791}