{"majority_accuracy_not_abstained": 0.7949886104783599, "coverage": 0.1273940800928613}