{"majority_accuracy_not_abstained": 0.9090909090909091, "coverage": 0.01055662188099808}