{"majority_accuracy_not_abstained": 0.8214285714285714, "coverage": 0.03189066059225513}