{"majority_accuracy_not_abstained": 0.9166666666666666, "coverage": 0.0008104959221923915}