{"majority_accuracy_not_abstained": 0.5454545454545454, "coverage": 0.012528473804100227}