{"majority_accuracy_not_abstained": 0.7180851063829787, "coverage": 0.01694456962595764}