{"majority_accuracy_not_abstained": 0.9032258064516129, "coverage": 0.03530751708428246}