{"majority_accuracy_not_abstained": 0.5436539480657128, "coverage": 0.25490096752950714}