{"majority_accuracy_not_abstained": 0.7941176470588235, "coverage": 0.026153846153846153}