{"majority_accuracy_not_abstained": 0.7464788732394366, "coverage": 0.002301011148561058}