{"majority_accuracy_not_abstained": 0.5789473684210527, "coverage": 0.3584905660377358}