{"majority_accuracy_not_abstained": 0.6804979253112033, "coverage": 0.5878048780487805}