{"majority_accuracy_not_abstained": 0.7632722007722008, "coverage": 0.9395647104547221}