{"majority_accuracy_not_abstained": 0.7646064703042008, "coverage": 0.9113874854255732}