{"majority_accuracy_not_abstained": 0.7456140350877193, "coverage": 0.5906735751295337}