{"majority_accuracy_not_abstained": 0.7127659574468085, "coverage": 0.018266614846482704}