{"majority_accuracy_not_abstained": 0.8756590509666081, "coverage": 0.09765725564232386}