{"majority_accuracy_not_abstained": 0.9055374592833876, "coverage": 0.8682926829268293}