{"majority_accuracy_not_abstained": 0.9215686274509803, "coverage": 0.6415094339622641}