{"majority_accuracy_not_abstained": 0.8035584604212055, "coverage": 0.9741729541497388}