{"majority_accuracy_not_abstained": 0.8611793133013758, "coverage": 0.9512858180098948}