{"majority_accuracy": 0.5091383812010444, "coverage": 0.02959094865100087}