{"majority_accuracy_not_abstained": 0.6341463414634146, "coverage": 0.031538461538461536}