{"majority_accuracy_not_abstained": 0.5550628233555063, "coverage": 0.11610744014416888}