{"majority_accuracy_not_abstained": 0.8772754854368932, "coverage": 0.28284561915386597}