{"majority_accuracy_not_abstained": 0.893441321264094, "coverage": 0.9319917617780829}