{"majority_accuracy_not_abstained": 0.8143515470704411, "coverage": 0.02564881887104672}