{"majority_accuracy_not_abstained": 0.7916666666666666, "coverage": 0.022655110272032954}