{"majority_accuracy_not_abstained": 0.9214285714285714, "coverage": 0.34146341463414637}