{"majority_accuracy_not_abstained": 0.4772727272727273, "coverage": 0.017100660707345512}