{"majority_accuracy_not_abstained": 0.48370812299219823, "coverage": 0.4234356781966576}