{"majority_accuracy_not_abstained": 0.8869969040247678, "coverage": 0.16796671866874674}