{"majority_accuracy_not_abstained": 0.6935483870967742, "coverage": 0.15121951219512195}