{"majority_accuracy_not_abstained": 0.5308641975308642, "coverage": 0.02106084243369735}