{"majority_accuracy_not_abstained": 0.8771929824561403, "coverage": 0.014820592823712949}