{"majority_accuracy_not_abstained": 0.8541666666666666, "coverage": 0.05466970387243736}