{"majority_accuracy_not_abstained": 0.5971223021582733, "coverage": 0.005964129408735948}