{"majority_accuracy_not_abstained": 0.7370816599732263, "coverage": 0.33663812528165843}