{"majority_accuracy": 0.5001943256898562, "coverage": 0.023707734162456275}