{"majority_accuracy_not_abstained": 0.7334905660377359, "coverage": 0.45542427497314714}