{"majority_accuracy_not_abstained_bugginess": 0.7574893009985735, "coverage": 0.6100957354221062}