{"majority_accuracy_not_abstained": 0.8940886699507389, "coverage": 0.07318611987381704}