{"majority_accuracy_not_abstained": 0.8636363636363636, "coverage": 0.025056947608200455}