{"majority_accuracy_not_abstained": 0.9046524290640692, "coverage": 0.9398037924455026}