{"majority_accuracy_not_abstained": 0.9147345567753564, "coverage": 0.9267683163635749}