{"majority_accuracy_not_abstained": 0.7594158339738662, "coverage": 0.2345200540784137}