{"majority_accuracy_not_abstained": 0.8828828828828829, "coverage": 0.21305182341650672}