{"majority_accuracy_not_abstained": 0.8823529411764706, "coverage": 0.016314779270633396}