{"majority_accuracy_not_abstained": 0.9619047619047619, "coverage": 0.0008507259528130671}