{"majority_accuracy_not_abstained": 0.9043824701195219, "coverage": 0.2696025778732546}