{"majority_accuracy_not_abstained": 0.8324175824175825, "coverage": 0.9829157175398633}