{"majority_accuracy_not_abstained": 0.7708428246013668, "coverage": 0.5707228289131565}