{"majority_accuracy_not_abstained": 0.9522184300341296, "coverage": 0.012571869904745559}