{"majority_accuracy_not_abstained": 0.926829268292683, "coverage": 0.011086074808472285}