{"majority_accuracy_not_abstained": 0.07692307692307693, "coverage": 0.01344364012409514}