{"majority_accuracy_not_abstained": 0.8088235294117647, "coverage": 0.07303974221267455}