{"majority_accuracy": 0.5082680591818973, "coverage": 0.18973020017406442}