{"majority_accuracy_not_abstained": 0.7347670250896058, "coverage": 0.21686746987951808}