{"majority_accuracy_not_abstained": 0.5458781362007169, "coverage": 0.25146462370437134}