{"majority_accuracy_not_abstained": 0.8301301921884687, "coverage": 0.3460482279241397}