{"majority_accuracy_not_abstained": 0.851063829787234, "coverage": 0.25066666666666665}