{"majority_accuracy_not_abstained": 0.7637130801687764, "coverage": 0.010169055178923882}