{"majority_accuracy_not_abstained": 0.8566176470588235, "coverage": 0.8948863636363636}