{"majority_accuracy_not_abstained": 0.7534246575342466, "coverage": 0.018980759230369213}