{"majority_accuracy_not_abstained": 0.5341463414634147, "coverage": 0.44038668098818473}