{"majority_accuracy_not_abstained": 0.8701923076923077, "coverage": 0.19961612284069097}