{"majority_accuracy_not_abstained": 0.7937219730941704, "coverage": 0.5439024390243903}