{"majority_accuracy_not_abstained": 0.8391608391608392, "coverage": 0.006135759032008924}