{"majority_accuracy_not_abstained": 0.8894308943089431, "coverage": 0.1784677887405688}