{"majority_accuracy_not_abstained": 0.6962025316455697, "coverage": 0.42133333333333334}