{"majority_accuracy": 0.49242129809560825, "coverage": 0.008550330353672756}