{"majority_accuracy_not_abstained": 0.9615384615384616, "coverage": 0.0023433979269941417}