{"majority_accuracy_not_abstained": 0.6536458333333334, "coverage": 0.43735763097949887}