{"majority_accuracy_not_abstained": 0.8945993287080075, "coverage": 0.9702651024112005}