{"majority_accuracy_not_abstained": 0.6666666666666666, "coverage": 0.02556818181818182}