{"majority_accuracy_not_abstained": 0.780952380952381, "coverage": 0.00946372239747634}