{"majority_accuracy_not_abstained": 0.905852417302799, "coverage": 0.8522072936660269}