{"majority_accuracy_not_abstained": 0.8148148148148148, "coverage": 0.5842824601366743}