{"majority_accuracy_not_abstained": 0.6143344709897611, "coverage": 0.28119001919385794}