{"majority_accuracy": 0.5639686684073107, "coverage": 0.26457789382071367}