{"majority_accuracy_not_abstained": 0.7957957957957958, "coverage": 0.09663377829367382}