{"majority_accuracy": 0.4992226972405752, "coverage": 0.02118150019432569}