{"majority_accuracy_not_abstained": 0.6977777777777778, "coverage": 0.21593090211132437}