{"majority_accuracy_not_abstained": 0.8983429734254238, "coverage": 0.9320310474462017}