{"majority_accuracy_not_abstained": 0.8942559768360919, "coverage": 0.9702651024112005}