{"majority_accuracy_not_abstained": 0.8585365853658536, "coverage": 0.5823863636363636}