{"majority_accuracy_not_abstained": 0.8055555555555556, "coverage": 0.9378238341968912}