{"majority_accuracy_not_abstained": 0.7431693989071039, "coverage": 0.20842824601366744}