{"majority_accuracy_not_abstained": 0.8888888888888888, "coverage": 0.05660377358490566}