{"majority_accuracy_not_abstained": 0.6104651162790697, "coverage": 0.1497388276262333}