{"majority_accuracy_not_abstained": 0.8929215748699989, "coverage": 0.9318630395606282}