{"majority_accuracy_not_abstained": 0.7219468228931951, "coverage": 0.5769630785231409}