{"majority_accuracy_not_abstained": 0.8568075117370892, "coverage": 0.927063339731286}