{"majority_accuracy_not_abstained": 0.8110223156264691, "coverage": 0.6106242507134053}