{"majority_accuracy_not_abstained_bugginess": 0.6666666666666666, "coverage": 0.0026109660574412533}