{"majority_accuracy_not_abstained": 0.9143206854345165, "coverage": 0.7840690978886756}