{"majority_accuracy": 0.5935596170583116, "coverage": 0.4412532637075718}