{"majority_accuracy_not_abstained": 0.8617511520737328, "coverage": 0.5786666666666667}