{"majority_accuracy": 0.5333333333333333, "coverage": 0.042666666666666665}