{"majority_accuracy_not_abstained": 0.9478260869565217, "coverage": 0.0019418131469192712}