{"majority_accuracy_not_abstained": 0.6418732782369146, "coverage": 0.4134396355353075}