{"majority_accuracy_not_abstained": 0.8402366863905325, "coverage": 0.4121951219512195}