{"majority_accuracy_not_abstained": 0.7147696112694231, "coverage": 0.31405028451783934}