{"majority_accuracy": 0.49203264671589586, "coverage": 0.006801399144966964}