{"majority_accuracy_not_abstained": 0.5769230769230769, "coverage": 0.13471502590673576}