{"majority_accuracy": 0.49164399533618347, "coverage": 0.000388651379712398}