{"majority_accuracy": 0.501943256898562, "coverage": 0.022736105713175282}