{"majority_accuracy_not_abstained": 0.7027027027027027, "coverage": 0.003334835511491663}