{"majority_accuracy_not_abstained": 0.8253968253968254, "coverage": 0.01828206616366802}