{"majority_accuracy": 0.5093333333333333, "coverage": 0.013333333333333334}