{"majority_accuracy_not_abstained": 0.7727272727272727, "coverage": 0.11733333333333333}