{"majority_accuracy_not_abstained": 0.8916967509025271, "coverage": 0.009354473768637185}