{"majority_accuracy_not_abstained": 0.7647058823529411, "coverage": 0.06525911708253358}