{"majority_accuracy_not_abstained": 0.8652561247216035, "coverage": 0.8955613577023499}