{"majority_accuracy_not_abstained": 0.8333333333333334, "coverage": 0.0005148888698189308}