{"majority_accuracy_not_abstained": 0.8548530721282279, "coverage": 0.10121676430824696}