{"majority_accuracy_not_abstained": 0.8088235294117647, "coverage": 0.13051823416506717}