{"majority_accuracy_not_abstained": 0.6547619047619048, "coverage": 0.14625652930934416}