{"majority_accuracy_not_abstained": 0.9166666666666666, "coverage": 0.11516314779270634}