{"majority_accuracy_not_abstained": 0.7092511013215859, "coverage": 0.5536585365853659}