{"majority_accuracy_not_abstained": 0.7818181818181819, "coverage": 0.03192106790481718}