{"majority_accuracy_not_abstained": 0.7222222222222222, "coverage": 0.0187207488299532}