{"majority_accuracy": 0.660574412532637, "coverage": 0.6275021758050479}