{
    "Conflicts": {
        "all_files_test_add": 0.002840909090909091,
        "all_files_test_fix": 0.002840909090909091,
        "bug_message_keyword_combined_bad": 0.03977272727272727,
        "bug_message_keyword_combined_broken": 0.03125,
        "bug_message_keyword_combined_bug": 0.07102272727272728,
        "bug_message_keyword_combined_bugfix": 0.23579545454545456,
        "bug_message_keyword_combined_close": 0.03977272727272727,
        "bug_message_keyword_combined_correct": 0.06534090909090909,
        "bug_message_keyword_combined_disabl": 0.04261363636363636,
        "buggless_if_many_lines_changed": 0.05113636363636364,
        "bugless_if_at_least_2_removed_files": 0.002840909090909091,
        "bugless_if_at_least_5_added_files": 0.014204545454545454,
        "bugless_if_many_files_changes": 0.019886363636363636,
        "bugless_if_not_code_files": 0.0,
        "bugless_message_keyword_combined_abil": 0.07954545454545454,
        "bugless_message_keyword_combined_ad": 0.11363636363636363,
        "bugless_message_keyword_combined_addit": 0.07954545454545454,
        "bugless_message_keyword_combined_allow": 0.04261363636363636,
        "bugless_message_keyword_combined_bump": 0.06818181818181818,
        "bugless_message_keyword_combined_clean": 0.06818181818181818,
        "bugless_message_keyword_combined_doc": 0.05397727272727273,
        "bugless_message_keyword_combined_remov": 0.02556818181818182,
        "bugless_message_keyword_combined_test": 0.07386363636363637,
        "bugless_message_keyword_combined_updat": 0.03125,
        "fine_grained_changes_transformer_70": 0.08522727272727272,
        "fine_grained_changes_transformer_80": 0.06534090909090909,
        "fine_grained_changes_transformer_90": 0.14488636363636365,
        "no_files_have_modified_status": 0.002840909090909091,
        "refactoring_if_at_least_2_renamed": 0.002840909090909091
    },
    "Correct": {
        "all_files_test_add": 5,
        "all_files_test_fix": 2,
        "bug_message_keyword_combined_bad": 22,
        "bug_message_keyword_combined_broken": 11,
        "bug_message_keyword_combined_bug": 29,
        "bug_message_keyword_combined_bugfix": 109,
        "bug_message_keyword_combined_close": 8,
        "bug_message_keyword_combined_correct": 16,
        "bug_message_keyword_combined_disabl": 10,
        "buggless_if_many_lines_changed": 35,
        "bugless_if_at_least_2_removed_files": 5,
        "bugless_if_at_least_5_added_files": 8,
        "bugless_if_many_files_changes": 15,
        "bugless_if_not_code_files": 0,
        "bugless_message_keyword_combined_abil": 31,
        "bugless_message_keyword_combined_ad": 62,
        "bugless_message_keyword_combined_addit": 32,
        "bugless_message_keyword_combined_allow": 21,
        "bugless_message_keyword_combined_bump": 35,
        "bugless_message_keyword_combined_clean": 38,
        "bugless_message_keyword_combined_doc": 27,
        "bugless_message_keyword_combined_remov": 13,
        "bugless_message_keyword_combined_test": 31,
        "bugless_message_keyword_combined_updat": 14,
        "fine_grained_changes_transformer_70": 29,
        "fine_grained_changes_transformer_80": 28,
        "fine_grained_changes_transformer_90": 74,
        "no_files_have_modified_status": 8,
        "refactoring_if_at_least_2_renamed": 3
    },
    "Coverage": {
        "all_files_test_add": 0.014204545454545454,
        "all_files_test_fix": 0.005681818181818182,
        "bug_message_keyword_combined_bad": 0.07670454545454546,
        "bug_message_keyword_combined_broken": 0.048295454545454544,
        "bug_message_keyword_combined_bug": 0.11931818181818182,
        "bug_message_keyword_combined_bugfix": 0.39204545454545453,
        "bug_message_keyword_combined_close": 0.045454545454545456,
        "bug_message_keyword_combined_correct": 0.08238636363636363,
        "bug_message_keyword_combined_disabl": 0.056818181818181816,
        "buggless_if_many_lines_changed": 0.12215909090909091,
        "bugless_if_at_least_2_removed_files": 0.017045454545454544,
        "bugless_if_at_least_5_added_files": 0.02556818181818182,
        "bugless_if_many_files_changes": 0.045454545454545456,
        "bugless_if_not_code_files": 0.0,
        "bugless_message_keyword_combined_abil": 0.11363636363636363,
        "bugless_message_keyword_combined_ad": 0.2215909090909091,
        "bugless_message_keyword_combined_addit": 0.13352272727272727,
        "bugless_message_keyword_combined_allow": 0.07102272727272728,
        "bugless_message_keyword_combined_bump": 0.1278409090909091,
        "bugless_message_keyword_combined_clean": 0.12215909090909091,
        "bugless_message_keyword_combined_doc": 0.09659090909090909,
        "bugless_message_keyword_combined_remov": 0.05113636363636364,
        "bugless_message_keyword_combined_test": 0.125,
        "bugless_message_keyword_combined_updat": 0.05965909090909091,
        "fine_grained_changes_transformer_70": 0.13352272727272727,
        "fine_grained_changes_transformer_80": 0.13068181818181818,
        "fine_grained_changes_transformer_90": 0.3068181818181818,
        "no_files_have_modified_status": 0.022727272727272728,
        "refactoring_if_at_least_2_renamed": 0.008522727272727272
    },
    "Emp. Acc.": {
        "all_files_test_add": 1.0,
        "all_files_test_fix": 1.0,
        "bug_message_keyword_combined_bad": 0.8148148148148149,
        "bug_message_keyword_combined_broken": 0.6470588235294118,
        "bug_message_keyword_combined_bug": 0.6904761904761905,
        "bug_message_keyword_combined_bugfix": 0.7898550724637681,
        "bug_message_keyword_combined_close": 0.5,
        "bug_message_keyword_combined_correct": 0.5517241379310345,
        "bug_message_keyword_combined_disabl": 0.5,
        "buggless_if_many_lines_changed": 0.813953488372093,
        "bugless_if_at_least_2_removed_files": 0.8333333333333333,
        "bugless_if_at_least_5_added_files": 0.8888888888888888,
        "bugless_if_many_files_changes": 0.9375,
        "bugless_if_not_code_files": 0.0,
        "bugless_message_keyword_combined_abil": 0.775,
        "bugless_message_keyword_combined_ad": 0.7948717948717949,
        "bugless_message_keyword_combined_addit": 0.6808510638297872,
        "bugless_message_keyword_combined_allow": 0.8400000000000001,
        "bugless_message_keyword_combined_bump": 0.7777777777777778,
        "bugless_message_keyword_combined_clean": 0.8837209302325582,
        "bugless_message_keyword_combined_doc": 0.7941176470588236,
        "bugless_message_keyword_combined_remov": 0.7222222222222222,
        "bugless_message_keyword_combined_test": 0.7045454545454546,
        "bugless_message_keyword_combined_updat": 0.6666666666666666,
        "fine_grained_changes_transformer_70": 0.6170212765957447,
        "fine_grained_changes_transformer_80": 0.6086956521739131,
        "fine_grained_changes_transformer_90": 0.6851851851851851,
        "no_files_have_modified_status": 1.0,
        "refactoring_if_at_least_2_renamed": 1.0
    },
    "Incorrect": {
        "all_files_test_add": 0,
        "all_files_test_fix": 0,
        "bug_message_keyword_combined_bad": 5,
        "bug_message_keyword_combined_broken": 6,
        "bug_message_keyword_combined_bug": 13,
        "bug_message_keyword_combined_bugfix": 29,
        "bug_message_keyword_combined_close": 8,
        "bug_message_keyword_combined_correct": 13,
        "bug_message_keyword_combined_disabl": 10,
        "buggless_if_many_lines_changed": 8,
        "bugless_if_at_least_2_removed_files": 1,
        "bugless_if_at_least_5_added_files": 1,
        "bugless_if_many_files_changes": 1,
        "bugless_if_not_code_files": 0,
        "bugless_message_keyword_combined_abil": 9,
        "bugless_message_keyword_combined_ad": 16,
        "bugless_message_keyword_combined_addit": 15,
        "bugless_message_keyword_combined_allow": 4,
        "bugless_message_keyword_combined_bump": 10,