{"majority_accuracy_not_abstained": 0.6814159292035398, "coverage": 0.08692307692307692}