{"majority_accuracy_not_abstained": 0.7150537634408602, "coverage": 0.053975623911781775}