{"majority_accuracy_not_abstained": 0.8657718120805369, "coverage": 0.9269602577873255}