{"majority_accuracy_not_abstained": 0.5072463768115942, "coverage": 0.4246153846153846}