{"majority_accuracy_not_abstained": 0.7984496124031008, "coverage": 0.08138801261829653}