{"majority_accuracy_not_abstained": 0.8502994011976048, "coverage": 0.6410748560460653}