{"majority_accuracy_not_abstained": 0.8305084745762712, "coverage": 0.0009962345710281479}