{"majority_accuracy_not_abstained": 0.8907563025210085, "coverage": 0.0057849364791288565}