{"majority_accuracy_not_abstained": 0.859046723110693, "coverage": 0.10769464566131402}