{"majority_accuracy_not_abstained": 0.44611334778569217, "coverage": 0.20929478869587761}