{"majority_accuracy_not_abstained": 0.8184245660881175, "coverage": 0.8531540847983454}