{"majority_accuracy_not_abstained": 0.7349397590361446, "coverage": 0.44575725026852847}