{"majority_accuracy_not_abstained": 0.7609254498714653, "coverage": 0.9118564742589703}