{"majority_accuracy_not_abstained": 0.763302160593357, "coverage": 0.9370774830993239}