{"majority_accuracy_not_abstained": 0.65234375, "coverage": 0.010984295889470523}