{"majority_accuracy_not_abstained": 0.7333197410673327, "coverage": 0.3312733228644277}