{"majority_accuracy": 0.5178416013925152, "coverage": 0.033942558746736295}