{"majority_accuracy_not_abstained": 0.574095682613769, "coverage": 0.22282891315652625}