{"majority_accuracy_not_abstained": 0.8553615960099751, "coverage": 0.10426417056682268}