{"majority_accuracy_not_abstained": 0.7489539748953975, "coverage": 0.6373333333333333}