{"majority_accuracy_not_abstained": 0.7479521109010712, "coverage": 0.053594042854971886}