{"majority_accuracy_not_abstained": 0.8327832783278328, "coverage": 0.01472971221156339}