{"majority_accuracy_not_abstained": 0.6262833675564682, "coverage": 0.37461538461538463}