{"majority_accuracy_not_abstained": 0.7593903102885139, "coverage": 0.7988729109988341}