{"majority_accuracy": 0.49203264671589586, "coverage": 0.000971628449280995}