{"majority_accuracy_not_abstained": 0.48704663212435234, "coverage": 0.5482954545454546}