{"majority_accuracy": 0.5118538670812282, "coverage": 0.04003109211037699}