{"majority_accuracy_not_abstained": 0.6103896103896104, "coverage": 0.08769931662870159}