{"majority_accuracy_not_abstained": 0.9196780228436392, "coverage": 0.6859497154821607}