{"majority_accuracy_not_abstained": 0.9550853749072011, "coverage": 0.11559255127434995}