,j,Polarity,Coverage,Overlaps,Conflicts
bugless_if_at_least_5_added_files,0,[0],0.029380129652419113,0.023188209188073527,0.0
all_files_test_add,1,[0],0.0012015620306398318,0.0012015620306398318,0.0
bugless_if_not_code_files,2,[0],0.17097549394858477,0.025014777274973594,0.0
bugless_if_many_files_changes,3,[0],0.046657428851054755,0.028992528997374006,0.0
bugless_if_at_least_2_removed_files,4,[0],0.019462397891452436,0.01390032849155515,0.0
all_files_test_fix,5,[0],4.845008188063838e-06,0.0,0.0
refactoring_if_at_least_2_renamed,6,[0],0.012606711305342105,0.009355710811151271,0.0
buggless_if_many_lines_changed,7,[0],0.002054283471739067,0.0004699657942421923,0.0
no_files_have_modified_status,8,[0],0.04822721150398744,0.030397581371912518,0.0
