{"majority_accuracy_not_abstained": 0.8547343956870851, "coverage": 0.9753613559761473}