{"majority_accuracy_not_abstained": 0.9576669802445907, "coverage": 0.045610572384793616}