{"majority_accuracy_not_abstained": 0.8529862174578867, "coverage": 0.6266794625719769}