{"majority_accuracy_not_abstained": 0.8860759493670886, "coverage": 0.06076923076923077}