{"majority_accuracy": 0.5706666666666667, "coverage": 0.5253333333333333}