{"majority_accuracy_not_abstained": 0.7897838899803536, "coverage": 0.39564710454722113}