{"majority_accuracy_not_abstained": 0.950850918992512, "coverage": 0.11902061187451388}