{"majority_accuracy_not_abstained": 0.9607843137254902, "coverage": 0.0021882776967304556}