{"majority_accuracy_not_abstained": 0.9230769230769231, "coverage": 0.04990403071017274}