{"majority_accuracy_not_abstained": 0.663013698630137, "coverage": 0.4157175398633257}