{"majority_accuracy_not_abstained": 0.8461538461538461, "coverage": 0.000557796275637175}