{"majority_accuracy_not_abstained_bugginess": 0.9611650485436893, "coverage": 0.04003109211037699}