{"majority_accuracy_not_abstained": 0.845926800472255, "coverage": 0.1526813880126183}