{"majority_accuracy_not_abstained": 0.7134396355353075, "coverage": 0.6369704004643064}