{"majority_accuracy_not_abstained_bugginess": 0.7142857142857143, "coverage": 0.006092254134029591}