{"majority_accuracy_not_abstained": 0.8376115501643897, "coverage": 0.39675427793621987}