{"majority_accuracy_not_abstained": 0.9036947742752095, "coverage": 0.6721140134819809}