{"majority_accuracy_not_abstained": 0.657190635451505, "coverage": 0.004845086855068706}