{"majority_accuracy_not_abstained_bugginess": 0.7236842105263158, "coverage": 0.26457789382071367}