{"majority_accuracy_not_abstained": 0.9161947904869762, "coverage": 0.014909747901997535}