{"majority_accuracy_not_abstained": 0.706766917293233, "coverage": 0.10230769230769231}