{"majority_accuracy": 0.49144966964632725, "coverage": 0.013602798289933929}