{"majority_accuracy_not_abstained": 0.7028154327424401, "coverage": 0.7376923076923076}