{"majority_accuracy_not_abstained": 0.39285714285714285, "coverage": 0.0012014073629108384}