{"majority_accuracy_not_abstained": 0.7317073170731707, "coverage": 0.1761546723952739}