{"majority_accuracy_not_abstained": 0.6260869565217392, "coverage": 0.5958549222797928}