{"majority_accuracy_not_abstained": 0.2782608695652174, "coverage": 0.010365029292474088}