{"majority_accuracy_not_abstained": 0.8906976744186047, "coverage": 0.8511749347258486}