{"majority_accuracy_not_abstained": 0.926829268292683, "coverage": 0.00527761091564404}