{
    "Conflicts": {
        "all_files_test_add": 0.0027223230490018148,
        "all_files_test_fix": 0.0021146616541353382,
        "bug_message_keyword_combined_bad": 0.01997990666320975,
        "bug_message_keyword_combined_broken": 0.025116670987814362,
        "bug_message_keyword_combined_bug": 0.03645968369198859,
        "bug_message_keyword_combined_bugfix": 0.1585267046927664,
        "bug_message_keyword_combined_close": 0.026056520611874513,
        "bug_message_keyword_combined_correct": 0.029305483536427274,
        "bug_message_keyword_combined_disabl": 0.026469730360383716,
        "buggless_if_many_lines_changed": 0.0,
        "bugless_if_at_least_2_removed_files": 0.002268602540834846,
        "bugless_if_at_least_5_added_files": 0.001993129375162043,
        "bugless_if_many_files_changes": 0.0005185377236193933,
        "bugless_if_not_code_files": 0.08283640134819809,
        "bugless_message_keyword_combined_abil": 0.027263741249675913,
        "bugless_message_keyword_combined_ad": 0.058197757324345345,
        "bugless_message_keyword_combined_addit": 0.037772232304900184,
        "bugless_message_keyword_combined_allow": 0.0324572206378014,
        "bugless_message_keyword_combined_bump": 0.039757259528130674,
        "bugless_message_keyword_combined_clean": 0.025108568835882812,
        "bugless_message_keyword_combined_doc": 0.03910908737360643,
        "bugless_message_keyword_combined_remov": 0.027498703655690952,
        "bugless_message_keyword_combined_test": 0.029767306196525796,
        "bugless_message_keyword_combined_updat": 0.031622698988851436,
        "fine_grained_changes_transformer_70": 0.05345799844438683,
        "fine_grained_changes_transformer_80": 0.06234605911330049,
        "fine_grained_changes_transformer_90": 0.09623736064298678,
        "no_files_have_modified_status": 0.014632486388384755,
        "refactoring_if_at_least_2_renamed": 0.0014745916515426498
    },
    "Correct": {
        "all_files_test_add": 994,
        "all_files_test_fix": 393,
        "bug_message_keyword_combined_bad": 3766,
        "bug_message_keyword_combined_broken": 4038,
        "bug_message_keyword_combined_bug": 7089,
        "bug_message_keyword_combined_bugfix": 31423,
        "bug_message_keyword_combined_close": 4155,
        "bug_message_keyword_combined_correct": 4205,
        "bug_message_keyword_combined_disabl": 3330,
        "buggless_if_many_lines_changed": 0,
        "bugless_if_at_least_2_removed_files": 1023,
        "bugless_if_at_least_5_added_files": 1557,
        "bugless_if_many_files_changes": 440,
        "bugless_if_not_code_files": 22825,
        "bugless_message_keyword_combined_abil": 5307,
        "bugless_message_keyword_combined_ad": 17068,
        "bugless_message_keyword_combined_addit": 6535,
        "bugless_message_keyword_combined_allow": 5227,
        "bugless_message_keyword_combined_bump": 8782,
        "bugless_message_keyword_combined_clean": 7111,
        "bugless_message_keyword_combined_doc": 9679,
        "bugless_message_keyword_combined_remov": 5632,
        "bugless_message_keyword_combined_test": 5711,
        "bugless_message_keyword_combined_updat": 13968,
        "fine_grained_changes_transformer_70": 7924,
        "fine_grained_changes_transformer_80": 9943,
        "fine_grained_changes_transformer_90": 24360,
        "no_files_have_modified_status": 8810,
        "refactoring_if_at_least_2_renamed": 636
    },
    "Coverage": {
        "all_files_test_add": 0.010070974850920405,
        "all_files_test_fix": 0.004845086855068706,
        "bug_message_keyword_combined_bad": 0.03411816178376977,
        "bug_message_keyword_combined_broken": 0.039425071298937,
        "bug_message_keyword_combined_bug": 0.06046635986518019,
        "bug_message_keyword_combined_bugfix": 0.29026769509981853,
        "bug_message_keyword_combined_close": 0.039692442312678246,
        "bug_message_keyword_combined_correct": 0.04322498055483536,
        "bug_message_keyword_combined_disabl": 0.03799909255898366,
        "buggless_if_many_lines_changed": 0.0,
        "bugless_if_at_least_2_removed_files": 0.00906630801140783,
        "bugless_if_at_least_5_added_files": 0.013190303344568317,
        "bugless_if_many_files_changes": 0.003791807103966814,
        "bugless_if_not_code_files": 0.23260467980295566,
        "bugless_message_keyword_combined_abil": 0.052858439201451904,
        "bugless_message_keyword_combined_ad": 0.15882648431423385,
        "bugless_message_keyword_combined_addit": 0.06986485610578169,
        "bugless_message_keyword_combined_allow": 0.05656922478610319,
        "bugless_message_keyword_combined_bump": 0.08648236971739694,
        "bugless_message_keyword_combined_clean": 0.06470378532538242,
        "bugless_message_keyword_combined_doc": 0.09007972517500648,
        "bugless_message_keyword_combined_remov": 0.0568609022556391,
        "bugless_message_keyword_combined_test": 0.06113883847549909,
        "bugless_message_keyword_combined_updat": 0.11902061187451388,
        "fine_grained_changes_transformer_70": 0.11478318641431164,
        "fine_grained_changes_transformer_80": 0.1386764324604615,
        "fine_grained_changes_transformer_90": 0.2792811770806326,
        "no_files_have_modified_status": 0.0753500129634431,
        "refactoring_if_at_least_2_renamed": 0.0057849364791288565
    },
    "Emp. Acc.": {
        "all_files_test_add": 0.7996781979082864,
        "all_files_test_fix": 0.657190635451505,
        "bug_message_keyword_combined_bad": 0.894324388506293,
        "bug_message_keyword_combined_broken": 0.8298397040690506,
        "bug_message_keyword_combined_bug": 0.9498861047835991,
        "bug_message_keyword_combined_bugfix": 0.8771004298554123,
        "bug_message_keyword_combined_close": 0.8481322718922228,
        "bug_message_keyword_combined_correct": 0.7881911902530458,
        "bug_message_keyword_combined_disabl": 0.7100213219616205,
        "buggless_if_many_lines_changed": 0.0,
        "bugless_if_at_least_2_removed_files": 0.9142091152815013,
        "bugless_if_at_least_5_added_files": 0.9563882063882063,
        "bugless_if_many_files_changes": 0.9401709401709402,
        "bugless_if_not_code_files": 0.7950468494200424,
        "bugless_message_keyword_combined_abil": 0.8134580012262416,
        "bugless_message_keyword_combined_ad": 0.8706830587155028,
        "bugless_message_keyword_combined_addit": 0.7578568943523136,
        "bugless_message_keyword_combined_allow": 0.748639358350043,
        "bugless_message_keyword_combined_bump": 0.8227468615326963,
        "bugless_message_keyword_combined_clean": 0.8904332582018533,
        "bugless_message_keyword_combined_doc": 0.8705702464472027,
        "bugless_message_keyword_combined_remov": 0.8025078369905956,
        "bugless_message_keyword_combined_test": 0.756824807845216,
        "bugless_message_keyword_combined_updat": 0.9508509189925118,
        "fine_grained_changes_transformer_70": 0.5593280158113927,
        "fine_grained_changes_transformer_80": 0.5809184388875905,
        "fine_grained_changes_transformer_90": 0.7067014795474326,
        "no_files_have_modified_status": 0.9473118279569892,
        "refactoring_if_at_least_2_renamed": 0.8907563025210083
    },
    "Incorrect": {
        "all_files_test_add": 249,
        "all_files_test_fix": 205,
        "bug_message_keyword_combined_bad": 445,
        "bug_message_keyword_combined_broken": 828,
        "bug_message_keyword_combined_bug": 374,
        "bug_message_keyword_combined_bugfix": 4403,
        "bug_message_keyword_combined_close": 744,
        "bug_message_keyword_combined_correct": 1130,
        "bug_message_keyword_combined_disabl": 1360,
        "buggless_if_many_lines_changed": 0,
        "bugless_if_at_least_2_removed_files": 96,
        "bugless_if_at_least_5_added_files": 71,
        "bugless_if_many_files_changes": 28,
        "bugless_if_not_code_files": 5884,