{"majority_accuracy_not_abstained": 0.8979276120827347, "coverage": 0.9318933108633654}