{"majority_accuracy_not_abstained": 0.7703132092600998, "coverage": 0.5728029121164847}