{"majority_accuracy": 0.49183832102603964, "coverage": 0.000194325689856199}