{"majority_accuracy_not_abstained": 0.8395904436860068, "coverage": 0.8986666666666666}