{"majority_accuracy_not_abstained": 0.8628841607565012, "coverage": 0.0071424953143204494}