{"majority_accuracy_not_abstained": 0.994475138121547, "coverage": 0.007766240453102206}