{"majority_accuracy_not_abstained": 0.7958387516254877, "coverage": 0.9931662870159453}