{"majority_accuracy_not_abstained": 0.916192406642239, "coverage": 0.8162918071039668}