{"majority_accuracy_not_abstained_bugginess": 0.6395939086294417, "coverage": 0.5253333333333333}