{"majority_accuracy_not_abstained": 0.8392857142857143, "coverage": 0.9488636363636364}