{"majority_accuracy_not_abstained": 0.8513513513513513, "coverage": 0.006669671022983326}