{"majority_accuracy_not_abstained": 0.865088561496441, "coverage": 0.0489450998185118}