{"majority_accuracy_not_abstained": 0.8181818181818182, "coverage": 0.06918238993710692}