{"majority_accuracy_not_abstained_bugginess": 0.9629629629629629, "coverage": 0.02098717450446949}