{"majority_accuracy_not_abstained": 0.7354838709677419, "coverage": 0.29750479846449135}