{"majority_accuracy_not_abstained": 0.8617847330068092, "coverage": 0.06782311381903033}