{"majority_accuracy_not_abstained": 0.6666666666666666, "coverage": 0.000582977069568597}