{"majority_accuracy_not_abstained": 0.7461139896373057, "coverage": 0.05218566922036954}