{"majority_accuracy_not_abstained": 0.9914414137060525, "coverage": 0.7845190079807774}