{"majority_accuracy_not_abstained": 0.6336633663366337, "coverage": 0.5386666666666666}