{"majority_accuracy_not_abstained": 0.8378378378378378, "coverage": 0.04214123006833713}