{"majority_accuracy_not_abstained": 0.8111111111111111, "coverage": 0.46632124352331605}