{"majority_accuracy_not_abstained": 0.7647058823529411, "coverage": 0.036519871106337275}