{"majority_accuracy_not_abstained": 0.6170212765957447, "coverage": 0.12533333333333332}