{"majority_accuracy_not_abstained": 0.5802314670003128, "coverage": 0.1371749764009268}