{"majority_accuracy_not_abstained": 0.7272727272727273, "coverage": 0.026829268292682926}