{"majority_accuracy_not_abstained": 0.9166666666666666, "coverage": 0.00020262398054809788}