{"majority_accuracy_not_abstained": 0.8218390804597702, "coverage": 0.014931777224748992}