{"majority_accuracy_not_abstained": 0.9401709401709402, "coverage": 0.003791807103966814}