{"majority_accuracy": 0.5146666666666667, "coverage": 0.013333333333333334}