{"majority_accuracy_not_abstained": 0.9166666666666666, "coverage": 9.722582317863625e-05}