{"majority_accuracy_not_abstained": 0.6057347670250897, "coverage": 0.21461538461538462}