{"majority_accuracy_not_abstained": 0.8148119664692763, "coverage": 0.5579249978546297}