{"majority_accuracy_not_abstained": 0.8111934704755559, "coverage": 0.6082265336102528}