{"majority_accuracy_not_abstained": 0.8556149732620321, "coverage": 0.03370887787291573}