{"majority_accuracy_not_abstained": 0.6596306068601583, "coverage": 0.4316628701594533}