{"majority_accuracy_not_abstained": 0.6563517915309446, "coverage": 0.09330834304239907}