{"majority_accuracy_not_abstained": 0.5122543072069886, "coverage": 0.20875335595967784}