{"majority_accuracy_not_abstained": 0.8352941176470589, "coverage": 0.44041450777202074}