{"majority_accuracy_not_abstained": 0.8518882340100414, "coverage": 0.15470340914847272}