{"majority_accuracy_not_abstained": 0.8362989323843416, "coverage": 0.9488636363636364}