{"majority_accuracy_not_abstained": 0.9484240687679083, "coverage": 0.03145561063542136}