{"majority_accuracy_not_abstained": 0.6470588235294118, "coverage": 0.45708376421923474}