{"majority_accuracy_not_abstained": 0.7333333333333333, "coverage": 0.0130586186883343}