{"majority_accuracy_not_abstained": 0.8411764705882353, "coverage": 0.00861151917329416}