{"majority_accuracy_not_abstained": 0.8851508120649652, "coverage": 0.8590078328981723}