{"majority_accuracy_not_abstained": 0.5171353251318102, "coverage": 0.20513744930148717}