{"majority_accuracy_not_abstained": 0.7777777777777778, "coverage": 0.0690978886756238}