{"majority_accuracy_not_abstained": 0.7795899347623485, "coverage": 0.5579823192927718}