{"majority_accuracy_not_abstained": 0.8990559186637618, "coverage": 0.3995937318630296}