{"majority_accuracy_not_abstained_bugginess": 0.5547795722391968, "coverage": 0.44520015546055186}