{"majority_accuracy_not_abstained": 0.9511896431070679, "coverage": 0.046311900440757066}