{"majority_accuracy_not_abstained": 0.5710659898477157, "coverage": 0.38282160901671203}