{"majority_accuracy_not_abstained": 0.8657505285412262, "coverage": 0.8990426457789382}