{"majority_accuracy_not_abstained": 0.8909730363423212, "coverage": 0.8433420365535248}