{"majority_accuracy_not_abstained": 0.9615384615384616, "coverage": 0.0405616224648986}