{"majority_accuracy_not_abstained": 0.9142091152815014, "coverage": 0.00906630801140783}