{"majority_accuracy_not_abstained": 0.8143997543751919, "coverage": 0.5589976830000858}