{"majority_accuracy_not_abstained": 0.55257586450247, "coverage": 0.275359502526234}