{"majority_accuracy_not_abstained": 0.9057142857142857, "coverage": 0.8592910848549946}