{"majority_accuracy_not_abstained": 0.6679462571976967, "coverage": 0.5596133190118152}