{"majority_accuracy_not_abstained": 0.5593280158113927, "coverage": 0.11478318641431164}