{"majority_accuracy_not_abstained": 0.9430051813471503, "coverage": 0.10036401456058243}