{"majority_accuracy": 0.5108790252393386, "coverage": 0.01392515230635335}