{"majority_accuracy_not_abstained": 0.7005405405405405, "coverage": 0.015618931833915876}