{"majority_accuracy_not_abstained": 0.9759036144578314, "coverage": 0.02158086323452938}