{"majority_accuracy_not_abstained": 0.8141325268078087, "coverage": 0.5598830049261084}