{"majority_accuracy_not_abstained": 0.7680525164113785, "coverage": 0.43857965451055664}