{"majority_accuracy_not_abstained": 0.7127937336814621, "coverage": 0.3960703205791106}