{"majority_accuracy_not_abstained_bugginess": 0.7647058823529411, "coverage": 0.02959094865100087}