{"majority_accuracy_not_abstained": 0.654054054054054, "coverage": 0.5255681818181818}