{"majority_accuracy_not_abstained": 0.8996763754045307, "coverage": 0.2689295039164491}