{"majority_accuracy_not_abstained": 0.6027397260273972, "coverage": 0.37823834196891193}