{"majority_accuracy_not_abstained": 0.6030358173183614, "coverage": 0.18254958516982112}