{"majority_accuracy_not_abstained": 0.7406380027739251, "coverage": 0.6275021758050479}