{"majority_accuracy_not_abstained": 0.7425320056899004, "coverage": 0.6120139291932676}