{"majority_accuracy_not_abstained": 0.8732394366197183, "coverage": 0.02060359837492745}