{"majority_accuracy_not_abstained": 0.9858805072558504, "coverage": 0.7781883731410545}