{"majority_accuracy_not_abstained": 0.7819548872180451, "coverage": 0.3778409090909091}