{"majority_accuracy_not_abstained": 0.24926253687315633, "coverage": 0.6506717850287908}