{"majority_accuracy_not_abstained": 0.813953488372093, "coverage": 0.12215909090909091}