{"majority_accuracy_not_abstained": 0.7225806451612903, "coverage": 0.26979982593559615}