{"majority_accuracy_not_abstained": 0.7282608695652174, "coverage": 0.017877963466770307}