{"majority_accuracy_not_abstained": 0.7510373443983402, "coverage": 0.6426666666666667}