{"majority_accuracy_not_abstained": 0.9166666666666666, "coverage": 0.011516314779270634}