{"majority_accuracy_not_abstained": 0.8636363636363636, "coverage": 0.022750775594622543}