{"majority_accuracy": 0.4996113486202876, "coverage": 0.02098717450446949}