{"majority_accuracy_not_abstained": 0.8146714788885506, "coverage": 0.5589755639097744}