{"majority_accuracy_not_abstained": 0.7068592057761733, "coverage": 0.7202288091523661}