{"majority_accuracy_not_abstained": 0.6666666666666666, "coverage": 0.00322234156820623}