{"majority_accuracy": 0.5108790252393386, "coverage": 0.014795474325500435}