{"majority_accuracy_not_abstained": 0.8629531388152077, "coverage": 0.04852827598043422}