{"majority_accuracy_not_abstained": 0.8100558659217877, "coverage": 0.6871401151631478}