{"majority_accuracy_not_abstained": 0.5714285714285714, "coverage": 0.013602798289933929}