{"majority_accuracy_not_abstained": 0.7364864864864865, "coverage": 0.16856492027334852}