{"majority_accuracy_not_abstained_bugginess": 0.7948717948717948, "coverage": 0.033942558746736295}