{"majority_accuracy_not_abstained": 0.8687626432906271, "coverage": 0.09612393051594503}