{"majority_accuracy_not_abstained": 0.5687299335473754, "coverage": 0.1085121208192896}