{"majority_accuracy_not_abstained": 0.8205128205128205, "coverage": 0.9586349534643226}