{"majority_accuracy": 0.49378157792460164, "coverage": 0.004469490866692577}