{"majority_accuracy_not_abstained": 0.5408695652173913, "coverage": 0.4485179407176287}