{"majority_accuracy_not_abstained": 0.7839459864966242, "coverage": 0.021600337049520354}