{"majority_accuracy_not_abstained": 0.8672566371681416, "coverage": 0.710691823899371}