{"majority_accuracy_not_abstained": 0.6923076923076923, "coverage": 0.08176100628930817}