{"majority_accuracy_not_abstained": 0.6740597878495661, "coverage": 0.09346552501126634}