{"majority_accuracy_not_abstained": 0.9444444444444444, "coverage": 0.0016223524109959442}