{"majority_accuracy_not_abstained": 0.8387978142076503, "coverage": 0.7024952015355086}