{"majority_accuracy_not_abstained": 0.6333333333333333, "coverage": 0.02610966057441253}