{"majority_accuracy_not_abstained": 0.9827645218071582, "coverage": 0.7748003309525016}