{"majority_accuracy_not_abstained": 0.8688524590163934, "coverage": 0.023707734162456275}