{"majority_accuracy_not_abstained": 0.5238095238095238, "coverage": 0.1320754716981132}