{"majority_accuracy_not_abstained": 0.8891891891891892, "coverage": 0.005995592429349235}