{"majority_accuracy_not_abstained": 0.7349726775956285, "coverage": 0.563076923076923}