{"majority_accuracy": 0.49417022930431403, "coverage": 0.010687912942090944}