{"majority_accuracy": 0.6692776327241079, "coverage": 0.6100957354221062}