{"majority_accuracy_not_abstained": 0.818019881629604, "coverage": 0.5877108555797579}