{"majority_accuracy_not_abstained": 0.807909604519774, "coverage": 0.9624145785876993}