{"majority_accuracy_not_abstained": 0.6798336798336798, "coverage": 0.125065002600104}