{"majority_accuracy_not_abstained": 0.7674418604651163, "coverage": 0.12215909090909091}