{"majority_accuracy_not_abstained": 0.7640449438202247, "coverage": 0.6082004555808656}