{"majority_accuracy_not_abstained": 0.7649479544904382, "coverage": 0.9113874854255732}