{"majority_accuracy": 0.5065274151436031, "coverage": 0.006092254134029591}