{"majority_accuracy_not_abstained": 0.7597944765574823, "coverage": 0.9118564742589703}