{"majority_accuracy_not_abstained": 0.5851063829787234, "coverage": 0.024440977639105563}