{"majority_accuracy_not_abstained": 0.870600414078675, "coverage": 0.048933691302365634}