{"majority_accuracy_not_abstained": 0.8092835519677094, "coverage": 0.08366681863465207}