{"majority_accuracy": 0.4889234356781967, "coverage": 0.026428293820443063}