{"majority_accuracy_not_abstained": 0.9318181818181818, "coverage": 0.022880915236609463}