{"majority_accuracy_not_abstained": 0.8207741434881223, "coverage": 0.5429738138449572}