{"majority_accuracy_not_abstained": 0.8351844967004368, "coverage": 0.34868421052631576}