{"majority_accuracy_not_abstained": 0.6555232558139535, "coverage": 0.011148561057816956}