{"majority_accuracy_not_abstained": 0.9144707949055775, "coverage": 0.9252816584046868}