{"majority_accuracy_not_abstained": 0.9336931380107941, "coverage": 0.11689950428120775}