,j,Polarity,Coverage,Overlaps,Conflicts,Correct,Incorrect,Emp. Acc.
gitcproc_message_keyword_bug,0,[1],0.06735751295336788,0.05699481865284974,0.0,10,3,0.7692307692307692
gitcproc_message_keyword_fix,1,[1],0.44041450777202074,0.11917098445595854,0.0,71,14,0.8352941176470587
gitcproc_message_keyword_issu,2,[1],0.06735751295336788,0.06217616580310881,0.0,9,4,0.6923076923076923
gitcproc_message_keyword_mistak,3,[],0.0,0.0,0.0,0,0,0.0
gitcproc_message_keyword_incorrect,4,[],0.0,0.0,0.0,0,0,0.0
gitcproc_message_keyword_fault,5,[1],0.0051813471502590676,0.0051813471502590676,0.0,1,0,1.0
gitcproc_message_keyword_defect,6,[],0.0,0.0,0.0,0,0,0.0
gitcproc_message_keyword_flaw,7,[],0.0,0.0,0.0,0,0,0.0
gitcproc_message_keyword_type,8,[1],0.031088082901554404,0.02072538860103627,0.0,5,1,0.8333333333333333
