{"majority_accuracy_not_abstained": 0.7961165048543689, "coverage": 0.533678756476684}