{"majority_accuracy_not_abstained": 0.5403158769742311, "coverage": 0.312792511700468}