{"majority_accuracy_not_abstained": 0.7887005649717514, "coverage": 0.15953132041460116}