{"majority_accuracy_not_abstained": 0.905079365079365, "coverage": 0.6757916416373466}