{"majority_accuracy": 0.5954139137193937, "coverage": 0.38282160901671203}