{"majority_accuracy_not_abstained": 0.5974269005847953, "coverage": 0.18342915987299407}