{"majority_accuracy_not_abstained": 0.8821917808219178, "coverage": 0.7735124760076776}