{"majority_accuracy_not_abstained": 0.7996781979082864, "coverage": 0.010070974850920405}