{"majority_accuracy_not_abstained": 0.8472222222222222, "coverage": 0.96875}