{"majority_accuracy_not_abstained": 0.5971731448763251, "coverage": 0.43538461538461537}