{"majority_accuracy": 0.56645938593082, "coverage": 0.5567431014380101}