{"majority_accuracy_not_abstained": 0.4222222222222222, "coverage": 0.0010937905107596577}