{"majority_accuracy_not_abstained": 0.8346028291621328, "coverage": 0.39431905946966445}