{"majority_accuracy_not_abstained": 0.9009009009009009, "coverage": 0.00952544409165022}