{"majority_accuracy_not_abstained": 0.8571428571428571, "coverage": 0.1320754716981132}