{"majority_accuracy_not_abstained": 0.7205882352941176, "coverage": 0.5753846153846154}