{"majority_accuracy_not_abstained": 0.8345323741007195, "coverage": 0.10692307692307693}