{
    "Conflicts": {
        "all_files_test_add": 0.0020313406848520023,
        "all_files_test_fix": 0.003192106790481718,
        "bug_message_keyword_combined_bad": 0.06500290191526407,
        "bug_message_keyword_combined_broken": 0.09170052234474753,
        "bug_message_keyword_combined_bug": 0.06790481717933837,
        "bug_message_keyword_combined_bugfix": 0.4460243760882182,
        "bug_message_keyword_combined_close": 0.4544399303540337,
        "bug_message_keyword_combined_correct": 0.11230412071967498,
        "bug_message_keyword_combined_disabl": 0.06964596633778293,
        "buggless_if_many_lines_changed": 0.04991294254207777,
        "bugless_if_at_least_2_removed_files": 0.011317469529889728,
        "bugless_if_at_least_5_added_files": 0.011027278003482298,
        "bugless_if_many_files_changes": 0.02176436448055717,
        "bugless_if_not_code_files": 0.1355194428322693,
        "bugless_message_keyword_combined_abil": 0.09082994776552525,
        "bugless_message_keyword_combined_ad": 0.14625652930934416,
        "bugless_message_keyword_combined_addit": 0.1575739988392339,
        "bugless_message_keyword_combined_allow": 0.1413232733604179,
        "bugless_message_keyword_combined_bump": 0.15206035983749275,
        "bugless_message_keyword_combined_clean": 0.09170052234474753,
        "bugless_message_keyword_combined_doc": 0.2681369704004643,
        "bugless_message_keyword_combined_remov": 0.08966918165989553,
        "bugless_message_keyword_combined_test": 0.0943122460824144,
        "bugless_message_keyword_combined_updat": 0.1105629715612304,
        "fine_grained_changes_transformer_70": 0.06848520023215322,
        "fine_grained_changes_transformer_80": 0.08270458502611723,
        "fine_grained_changes_transformer_90": 0.2707486941381312,
        "no_files_have_modified_status": 0.00522344747533372,
        "refactoring_if_at_least_2_renamed": 0.005513639001741149
    },
    "Correct": {
        "all_files_test_add": 17,
        "all_files_test_fix": 18,
        "bug_message_keyword_combined_bad": 188,
        "bug_message_keyword_combined_broken": 260,
        "bug_message_keyword_combined_bug": 212,
        "bug_message_keyword_combined_bugfix": 1566,
        "bug_message_keyword_combined_close": 863,
        "bug_message_keyword_combined_correct": 326,
        "bug_message_keyword_combined_disabl": 203,
        "buggless_if_many_lines_changed": 141,
        "bugless_if_at_least_2_removed_files": 41,
        "bugless_if_at_least_5_added_files": 52,
        "bugless_if_many_files_changes": 86,
        "bugless_if_not_code_files": 547,
        "bugless_message_keyword_combined_abil": 217,
        "bugless_message_keyword_combined_ad": 393,
        "bugless_message_keyword_combined_addit": 363,
        "bugless_message_keyword_combined_allow": 408,
        "bugless_message_keyword_combined_bump": 348,
        "bugless_message_keyword_combined_clean": 201,
        "bugless_message_keyword_combined_doc": 845,
        "bugless_message_keyword_combined_remov": 217,
        "bugless_message_keyword_combined_test": 291,
        "bugless_message_keyword_combined_updat": 315,
        "fine_grained_changes_transformer_70": 265,
        "fine_grained_changes_transformer_80": 349,
        "fine_grained_changes_transformer_90": 1238,
        "no_files_have_modified_status": 36,
        "refactoring_if_at_least_2_renamed": 24
    },
    "Coverage": {
        "all_files_test_add": 0.004933255948926291,
        "all_files_test_fix": 0.006094022054556007,
        "bug_message_keyword_combined_bad": 0.07777132907719095,
        "bug_message_keyword_combined_broken": 0.1114335461404527,
        "bug_message_keyword_combined_bug": 0.0844457341845618,
        "bug_message_keyword_combined_bugfix": 0.6120139291932676,
        "bug_message_keyword_combined_close": 0.5220545560069646,
        "bug_message_keyword_combined_correct": 0.1334881021474173,
        "bug_message_keyword_combined_disabl": 0.08560650029019153,
        "buggless_if_many_lines_changed": 0.059489262913522925,
        "bugless_if_at_least_2_removed_files": 0.01625072547881602,
        "bugless_if_at_least_5_added_files": 0.01828206616366802,
        "bugless_if_many_files_changes": 0.03192106790481718,
        "bugless_if_not_code_files": 0.1784677887405688,
        "bugless_message_keyword_combined_abil": 0.1053395240858967,
        "bugless_message_keyword_combined_ad": 0.1796285548461985,
        "bugless_message_keyword_combined_addit": 0.19036564132327335,
        "bugless_message_keyword_combined_allow": 0.17005223447475334,
        "bugless_message_keyword_combined_bump": 0.1775972141613465,
        "bugless_message_keyword_combined_clean": 0.10359837492745212,
        "bugless_message_keyword_combined_doc": 0.3099245502031341,
        "bugless_message_keyword_combined_remov": 0.10388856645385955,
        "bugless_message_keyword_combined_test": 0.11520603598374927,
        "bugless_message_keyword_combined_updat": 0.1497388276262333,
        "fine_grained_changes_transformer_70": 0.09663377829367382,
        "fine_grained_changes_transformer_80": 0.1273940800928613,
        "fine_grained_changes_transformer_90": 0.3995937318630296,
        "no_files_have_modified_status": 0.013639001741149159,
        "refactoring_if_at_least_2_renamed": 0.008705745792222866
    },
    "Emp. Acc.": {
        "all_files_test_add": 1.0,
        "all_files_test_fix": 0.8571428571428572,
        "bug_message_keyword_combined_bad": 0.7014925373134329,
        "bug_message_keyword_combined_broken": 0.6770833333333334,
        "bug_message_keyword_combined_bug": 0.7285223367697594,
        "bug_message_keyword_combined_bugfix": 0.7425320056899004,
        "bug_message_keyword_combined_close": 0.47971095052807117,
        "bug_message_keyword_combined_correct": 0.7086956521739131,
        "bug_message_keyword_combined_disabl": 0.688135593220339,
        "buggless_if_many_lines_changed": 0.6878048780487804,
        "bugless_if_at_least_2_removed_files": 0.7321428571428572,
        "bugless_if_at_least_5_added_files": 0.8253968253968254,
        "bugless_if_many_files_changes": 0.7818181818181817,
        "bugless_if_not_code_files": 0.8894308943089431,
        "bugless_message_keyword_combined_abil": 0.5977961432506887,
        "bugless_message_keyword_combined_ad": 0.6348949919224556,
        "bugless_message_keyword_combined_addit": 0.5533536585365854,
        "bugless_message_keyword_combined_allow": 0.6962457337883959,
        "bugless_message_keyword_combined_bump": 0.5686274509803921,
        "bugless_message_keyword_combined_clean": 0.5630252100840336,
        "bugless_message_keyword_combined_doc": 0.7911985018726592,
        "bugless_message_keyword_combined_remov": 0.6061452513966481,
        "bugless_message_keyword_combined_test": 0.7329974811083123,
        "bugless_message_keyword_combined_updat": 0.6104651162790697,
        "fine_grained_changes_transformer_70": 0.7957957957957957,
        "fine_grained_changes_transformer_80": 0.7949886104783599,
        "fine_grained_changes_transformer_90": 0.8990559186637618,
        "no_files_have_modified_status": 0.7659574468085106,
        "refactoring_if_at_least_2_renamed": 0.8
    },
    "Incorrect": {
        "all_files_test_add": 0,
        "all_files_test_fix": 3,
        "bug_message_keyword_combined_bad": 80,
        "bug_message_keyword_combined_broken": 124,
        "bug_message_keyword_combined_bug": 79,
        "bug_message_keyword_combined_bugfix": 543,
        "bug_message_keyword_combined_close": 936,
        "bug_message_keyword_combined_correct": 134,
        "bug_message_keyword_combined_disabl": 92,
        "buggless_if_many_lines_changed": 64,
        "bugless_if_at_least_2_removed_files": 15,
        "bugless_if_at_least_5_added_files": 11,
        "bugless_if_many_files_changes": 24,
        "bugless_if_not_code_files": 68,
        "bugless_message_keyword_combined_abil": 146,