{"majority_accuracy_not_abstained": 0.863758389261745, "coverage": 0.9912942542077772}