{"majority_accuracy_not_abstained": 0.7613210759278175, "coverage": 0.5707345511076565}