{"majority_accuracy_not_abstained": 0.631578947368421, "coverage": 0.014615384615384615}