{"majority_accuracy_not_abstained": 0.2857142857142857, "coverage": 0.006801399144966964}