{"majority_accuracy_not_abstained_bugginess": 0.9230769230769231, "coverage": 0.022736105713175282}