{"majority_accuracy_not_abstained": 0.7950468494200424, "coverage": 0.23260467980295566}