{"majority_accuracy_not_abstained": 0.8182552504038773, "coverage": 0.11158179360072104}