{"majority_accuracy_not_abstained": 0.759272622312022, "coverage": 0.23399692686962836}