{"majority_accuracy_not_abstained": 0.7805755395683454, "coverage": 0.02505633168093736}