{"majority_accuracy": 0.49378157792460164, "coverage": 0.017877963466770307}