{"majority_accuracy_not_abstained": 0.7417346115939432, "coverage": 0.3769143744828867}