{"majority_accuracy_not_abstained": 0.8888888888888888, "coverage": 0.02556818181818182}