{"majority_accuracy_not_abstained": 0.6086956521739131, "coverage": 0.13068181818181818}