{"majority_accuracy_not_abstained": 0.763183125599233, "coverage": 0.946923076923077}