{"majority_accuracy_not_abstained": 0.7467248908296943, "coverage": 0.6505681818181818}