{"majority_accuracy_not_abstained": 0.8201219512195121, "coverage": 0.9585365853658536}