{"majority_accuracy_not_abstained": 0.6373543780533634, "coverage": 0.7721996517701684}