{"majority_accuracy_not_abstained": 0.8532110091743119, "coverage": 0.02118150019432569}