{"majority_accuracy_not_abstained_bugginess": 0.9090909090909091, "coverage": 0.014963078118927322}