{"majority_accuracy_not_abstained": 0.9341317365269461, "coverage": 0.031018354355571317}