{"majority_accuracy_not_abstained": 0.9459459459459459, "coverage": 0.000624757273356635}