{"majority_accuracy_not_abstained": 0.5809184388875905, "coverage": 0.1386764324604615}