{"majority_accuracy_not_abstained": 0.603448275862069, "coverage": 0.14146341463414633}