{"majority_accuracy_not_abstained": 0.7603305785123967, "coverage": 0.10530896431679722}