{"majority_accuracy_not_abstained": 0.8148656898656899, "coverage": 0.5905362776025237}