{"majority_accuracy_not_abstained": 0.9563882063882064, "coverage": 0.013190303344568317}