{"majority_accuracy_not_abstained": 0.7216043141220088, "coverage": 0.5765643218033424}