{"majority_accuracy_not_abstained": 0.8588235294117647, "coverage": 0.927063339731286}