{"majority_accuracy_not_abstained": 0.8069634200088145, "coverage": 0.6135196034249663}