{"majority_accuracy_not_abstained": 0.7618722241202597, "coverage": 0.5687912942090945}