{"majority_accuracy_not_abstained": 0.5238981998758535, "coverage": 0.31305868635833656}