{"majority_accuracy_not_abstained": 0.8299039780521262, "coverage": 0.9829157175398633}