{"majority_accuracy": 0.5306666666666666, "coverage": 0.07466666666666667}