{"majority_accuracy_not_abstained": 0.7066666666666667, "coverage": 0.5487804878048781}