{"majority_accuracy_not_abstained": 0.82008070258723, "coverage": 0.5423067021367888}