{"majority_accuracy_not_abstained_bugginess": 0.747104247104247, "coverage": 0.45082680591818974}