{"majority_accuracy_not_abstained": 0.991060202327808, "coverage": 0.7882259528130672}