{"majority_accuracy_not_abstained": 0.45627376425855515, "coverage": 0.5990888382687927}