{"majority_accuracy_not_abstained": 0.9024390243902439, "coverage": 0.04403866809881848}