{"majority_accuracy_not_abstained": 0.8571428571428571, "coverage": 0.037333333333333336}