{"majority_accuracy_not_abstained": 0.7759472817133443, "coverage": 0.6519871106337272}