{"majority_accuracy": 0.504786771105309, "coverage": 0.009573542210617928}