{"majority_accuracy_not_abstained": 0.6212121212121212, "coverage": 0.2533589251439539}