{"majority_accuracy_not_abstained": 0.8776978417266187, "coverage": 0.9685534591194969}