{"majority_accuracy_not_abstained": 0.9032347955321274, "coverage": 0.8100906742312953}