{"majority_accuracy_not_abstained": 0.9144325657894737, "coverage": 0.9263799537341911}