{"majority_accuracy": 0.6453333333333333, "coverage": 0.6373333333333333}