{"majority_accuracy": 0.49106101826661486, "coverage": 0.001748931208705791}