{"majority_accuracy_not_abstained": 0.9611650485436893, "coverage": 0.04003109211037699}