{"majority_accuracy_not_abstained": 0.7963800904977375, "coverage": 0.05746229849193968}