{"majority_accuracy": 0.6123202487368831, "coverage": 0.44520015546055186}