{"majority_accuracy_not_abstained": 0.7583756345177665, "coverage": 0.38282160901671203}