{"majority_accuracy_not_abstained": 0.7435897435897436, "coverage": 0.6062176165803109}