{"majority_accuracy_not_abstained": 0.4757221880762139, "coverage": 0.42303692147685906}