{"majority_accuracy_not_abstained": 0.7714214339245565, "coverage": 0.8773804897007385}