{"majority_accuracy_not_abstained": 0.7573948439620082, "coverage": 0.8031480761756704}