{"majority_accuracy_not_abstained": 0.8505747126436781, "coverage": 0.07571801566579635}