{"majority_accuracy_not_abstained": 0.6363636363636364, "coverage": 0.009573542210617928}