{"majority_accuracy_not_abstained": 0.9230769230769231, "coverage": 0.001975583810343954}