{"majority_accuracy_not_abstained": 0.2727272727272727, "coverage": 0.003192106790481718}