{"majority_accuracy_not_abstained": 0.7956039219911647, "coverage": 0.15671276362224135}