{"majority_accuracy_not_abstained": 0.9442865264354747, "coverage": 0.0754741268342916}