{"majority_accuracy_not_abstained": 0.9548872180451128, "coverage": 0.10230769230769231}