{"majority_accuracy_not_abstained": 0.5381040892193308, "coverage": 0.2797711908476339}