{"majority_accuracy_not_abstained": 0.3333333333333333, "coverage": 0.0028790786948176585}