{"majority_accuracy_not_abstained": 0.8406593406593407, "coverage": 0.3493282149712092}