{"majority_accuracy_not_abstained": 0.7067014795474326, "coverage": 0.2792811770806326}