{"majority_accuracy_not_abstained": 0.6979518791012129, "coverage": 0.1698326663627307}