{"majority_accuracy_not_abstained": 0.8088235294117647, "coverage": 0.05918189730200174}