{"majority_accuracy_not_abstained": 0.8770746149685427, "coverage": 0.28460429089966294}