{"majority_accuracy_not_abstained": 0.7940393826503459, "coverage": 0.3651379712397979}