{"majority_accuracy_not_abstained": 0.8943181818181818, "coverage": 0.1710066070734551}