{"majority_accuracy_not_abstained": 0.8117977528089888, "coverage": 0.6833013435700576}