{"majority_accuracy_not_abstained": 0.8177150192554558, "coverage": 0.9576008273009308}