{"majority_accuracy_not_abstained": 0.877742946708464, "coverage": 0.926829268292683}