{"majority_accuracy_not_abstained": 0.7058192544918208, "coverage": 0.724640497473766}