{"majority_accuracy_not_abstained": 0.6779661016949152, "coverage": 0.14390243902439023}