{"majority_accuracy_not_abstained": 0.9512195121951219, "coverage": 0.03934740882917467}