{"majority_accuracy_not_abstained": 0.8069087688219664, "coverage": 0.6105452906714737}