{"majority_accuracy": 0.5093333333333333, "coverage": 0.005333333333333333}