{"majority_accuracy_not_abstained": 0.7421383647798742, "coverage": 0.45170454545454547}