{"majority_accuracy_not_abstained_bugginess": 0.5955882352941176, "coverage": 0.026428293820443063}