{"majority_accuracy_not_abstained": 0.6228070175438597, "coverage": 0.5906735751295337}