{"majority_accuracy_not_abstained": 0.7529708318329132, "coverage": 0.8073322932917316}