{"majority_accuracy_not_abstained": 0.8464818763326226, "coverage": 0.015838441146176316}