{"majority_accuracy_not_abstained": 0.7384615384615385, "coverage": 0.07403189066059225}