{"majority_accuracy_not_abstained": 0.9303666469544648, "coverage": 0.11421238370227783}