{"majority_accuracy_not_abstained": 0.5070422535211268, "coverage": 0.44654088050314467}