{"majority_accuracy_not_abstained": 0.8145695364238411, "coverage": 0.9067357512953368}