{"majority_accuracy": 0.5066070734551108, "coverage": 0.05829770695685969}