{"majority_accuracy_not_abstained": 0.8755296610169492, "coverage": 0.03187950627290073}