{"majority_accuracy_not_abstained": 0.819672131147541, "coverage": 0.016493916178458766}