{"majority_accuracy_not_abstained": 0.7619047619047619, "coverage": 0.20153550863723607}