{"majority_accuracy_not_abstained": 0.8581314878892734, "coverage": 0.002341521908218823}