{"majority_accuracy_not_abstained": 0.9074702886247877, "coverage": 0.009544334975369459}