{"majority_accuracy_not_abstained": 0.6487935656836461, "coverage": 0.0969838793551742}