{"majority_accuracy_not_abstained": 0.8666666666666667, "coverage": 0.01611170784103115}