{"majority_accuracy_not_abstained": 0.6251808972503617, "coverage": 0.005598586984703137}