{"majority_accuracy_not_abstained": 0.8620689655172413, "coverage": 0.08349328214971209}