{"majority_accuracy_not_abstained": 0.813953488372093, "coverage": 0.27044025157232704}